"ID","Pred"
"2018_1104_1112",0.0791181915394919
"2018_1104_1113",0.658782449414878
"2018_1104_1116",0.29110519222901
"2018_1104_1120",0.0853039198461722
"2018_1104_1137",0.651285656999619
"2018_1104_1138",0.0342351241260097
"2018_1104_1139",0.26170660413031
"2018_1104_1153",0.0739265908745337
"2018_1104_1155",0.470308176271072
"2018_1104_1158",0.259477139468878
"2018_1104_1166",0.440873230915838
"2018_1104_1168",0.930085043462716
"2018_1104_1172",0.447439009294559
"2018_1104_1181",0.0412536313326374
"2018_1104_1196",0.136488278532605
"2018_1104_1199",0.559607408114693
"2018_1104_1209",0.652663558757722
"2018_1104_1211",0.0122235767819147
"2018_1104_1222",0.35916160453161
"2018_1104_1233",0.864325568863367
"2018_1104_1242",0.11018165367419
"2018_1104_1243",0.577361521154594
"2018_1104_1246",0.334878262342562
"2018_1104_1252",0.956001871564516
"2018_1104_1254",1
"2018_1104_1260",0.334912693816238
"2018_1104_1267",0.804576702038132
"2018_1104_1274",0.245187577485666
"2018_1104_1276",0.0545879504270274
"2018_1104_1277",0.0744056884310865
"2018_1104_1281",0.4457354194339
"2018_1104_1285",0.99999974198105
"2018_1104_1293",0.483013101241269
"2018_1104_1300",0.995229415911567
"2018_1104_1301",0.510453162600125
"2018_1104_1305",0.609562735737162
"2018_1104_1308",0.362983697839521
"2018_1104_1314",0.0179020009573075
"2018_1104_1326",0.182248270187813
"2018_1104_1328",0.542709180266605
"2018_1104_1335",0.187377554258691
"2018_1104_1344",0.515045775353527
"2018_1104_1345",0.0650583889130394
"2018_1104_1347",0.999999949406413
"2018_1104_1348",0.113021407416471
"2018_1104_1355",0.999999975291443
"2018_1104_1361",0.57352449259932
"2018_1104_1371",0.302178751382137
"2018_1104_1372",0.804431567740905
"2018_1104_1382",0.599890678405672
"2018_1104_1393",0.442908942604808
"2018_1104_1395",0.232251612532723
"2018_1104_1397",0.165754994497282
"2018_1104_1400",0.386075520426245
"2018_1104_1401",0.0730742098559865
"2018_1104_1403",0.214298186628561
"2018_1104_1411",1
"2018_1104_1417",0.883722796142041
"2018_1104_1420",0.985861643930615
"2018_1104_1422",0.999999830547499
"2018_1104_1437",0.00802383106709157
"2018_1104_1438",0.0940109075029563
"2018_1104_1439",0.639458136855068
"2018_1104_1452",0.0247066470349278
"2018_1104_1455",0.158418535319418
"2018_1104_1460",0.214182902298449
"2018_1104_1462",0.0608914701863599
"2018_1112_1113",0.986312843173133
"2018_1112_1116",0.938751997098671
"2018_1112_1120",0.776827117804478
"2018_1112_1137",0.985857645469419
"2018_1112_1138",0.569539918817732
"2018_1112_1139",0.929728434372723
"2018_1112_1153",0.748713302323372
"2018_1112_1155",0.970708684935255
"2018_1112_1158",0.928968714956981
"2018_1112_1166",0.967137983443224
"2018_1112_1168",0.997990061068817
"2018_1112_1172",0.967972816160252
"2018_1112_1181",0.61627215807655
"2018_1112_1196",0.855062731185644
"2018_1112_1199",0.979350761995734
"2018_1112_1209",0.985942062912603
"2018_1112_1211",0.315949961056412
"2018_1112_1222",0.954376602875691
"2018_1112_1233",0.995811994759367
"2018_1112_1242",0.82211684247402
"2018_1112_1243",0.980764861816411
"2018_1112_1246",0.949474932520393
"2018_1112_1252",0.998768457245538
"2018_1112_1254",1
"2018_1112_1260",0.949482347614576
"2018_1112_1267",0.993534515729885
"2018_1112_1274",0.923804412285462
"2018_1112_1276",0.683052343416268
"2018_1112_1277",0.75002374163391
"2018_1112_1281",0.967758431653671
"2018_1112_1285",0.99999999308709
"2018_1112_1293",0.972122686445357
"2018_1112_1300",0.999871589128237
"2018_1112_1301",0.974948752767422
"2018_1112_1305",0.983128551328556
"2018_1112_1308",0.955092579314343
"2018_1112_1314",0.404888741959121
"2018_1112_1326",0.892683879728559
"2018_1112_1328",0.9779230431292
"2018_1112_1335",0.895902304272551
"2018_1112_1344",0.975393823568634
"2018_1112_1345",0.722007948631387
"2018_1112_1347",0.999999998644484
"2018_1112_1348",0.826267089034251
"2018_1112_1355",0.999999999338002
"2018_1112_1361",0.980466322166799
"2018_1112_1371",0.941733680636563
"2018_1112_1372",0.993528585301897
"2018_1112_1382",0.982444079304461
"2018_1112_1393",0.967399314798931
"2018_1112_1395",0.918639345766741
"2018_1112_1397",0.881177278112889
"2018_1112_1400",0.959136792701086
"2018_1112_1401",0.746350992579681
"2018_1112_1403",0.910555264579304
"2018_1112_1411",1
"2018_1112_1417",0.996487151342962
"2018_1112_1420",0.999615916790358
"2018_1112_1422",0.999999995459985
"2018_1112_1437",0.231895217552017
"2018_1112_1438",0.794787065974731
"2018_1112_1439",0.985118683575139
"2018_1112_1452",0.485997803654275
"2018_1112_1455",0.875403043242899
"2018_1112_1460",0.910499473828075
"2018_1112_1462",0.707610006464668
"2018_1113_1116",0.558116688702495
"2018_1113_1120",0.222903295856838
"2018_1113_1137",0.851730668577088
"2018_1113_1138",0.098311900395395
"2018_1113_1139",0.521593415184258
"2018_1113_1153",0.197128916281946
"2018_1113_1155",0.73196938436005
"2018_1113_1158",0.518705459824978
"2018_1113_1166",0.708048691058551
"2018_1113_1168",0.976143225627596
"2018_1113_1172",0.713515779483213
"2018_1113_1181",0.116876962927986
"2018_1113_1196",0.327123494263045
"2018_1113_1199",0.796265268982999
"2018_1113_1209",0.852495917479922
"2018_1113_1211",0.036666183501529
"2018_1113_1222",0.63286785819301
"2018_1113_1233",0.951442752757239
"2018_1113_1242",0.275809861361919
"2018_1113_1243",0.807756234684905
"2018_1113_1246",0.607625418963269
"2018_1113_1252",0.98525733876407
"2018_1113_1254",1
"2018_1113_1260",0.607662273080319
"2018_1113_1267",0.926810219204425
"2018_1113_1274",0.49977473610344
"2018_1113_1276",0.150809893683208
"2018_1113_1277",0.198235539392927
"2018_1113_1281",0.712104697534657
"2018_1113_1285",0.999999916111501
"2018_1113_1293",0.741843233059338
"2018_1113_1300",0.998443952717453
"2018_1113_1301",0.762305909719372
"2018_1113_1305",0.827643749325462
"2018_1113_1308",0.636708721462259
"2018_1113_1314",0.0530890716972759
"2018_1113_1326",0.406695206382756
"2018_1113_1328",0.784958314263258
"2018_1113_1335",0.414936148099083
"2018_1113_1344",0.76562066736848
"2018_1113_1345",0.176294924767947
"2018_1113_1347",0.999999983550745
"2018_1113_1348",0.28156762642428
"2018_1113_1355",0.999999991966623
"2018_1113_1361",0.805305552549597
"2018_1113_1371",0.571163659165693
"2018_1113_1372",0.926747598705163
"2018_1113_1382",0.821794692271606
"2018_1113_1393",0.709752059608745
"2018_1113_1395",0.481983787488375
"2018_1113_1397",0.379311472876787
"2018_1113_1400",0.659194286553042
"2018_1113_1401",0.195155355447618
"2018_1113_1403",0.456196524514361
"2018_1113_1411",1
"2018_1113_1417",0.958976090256042
"2018_1113_1420",0.995358980096477
"2018_1113_1422",0.999999944906701
"2018_1113_1437",0.0242748900799584
"2018_1113_1438",0.241940183112656
"2018_1113_1439",0.845084623285293
"2018_1113_1452",0.0722841032870287
"2018_1113_1455",0.366677361195485
"2018_1113_1460",0.456026637604294
"2018_1113_1462",0.166270465940495
"2018_1116_1120",0.0705984446415596
"2018_1116_1137",0.603371718337543
"2018_1116_1138",0.0280632567159999
"2018_1116_1139",0.224039614506892
"2018_1116_1153",0.0610515352052511
"2018_1116_1155",0.419684538383298
"2018_1116_1158",0.22203453047441
"2018_1116_1166",0.391078708673002
"2018_1116_1168",0.91550899446639
"2018_1116_1172",0.397430027674285
"2018_1116_1181",0.0338608382723196
"2018_1116_1196",0.114059448641079
"2018_1116_1199",0.508601044280775
"2018_1116_1209",0.604824070125254
"2018_1116_1211",0.00997892268292553
"2018_1116_1222",0.313422670117465
"2018_1116_1233",0.838421526497421
"2018_1116_1242",0.0916170823644739
"2018_1116_1243",0.526672192906249
"2018_1116_1246",0.290828354872455
"2018_1116_1252",0.946518334496183
"2018_1116_1254",1
"2018_1116_1260",0.290860237829465
"2018_1116_1267",0.770296650993976
"2018_1116_1274",0.209224369907013
"2018_1116_1276",0.0449175527906434
"2018_1116_1277",0.0614527300467887
"2018_1116_1281",0.3957804623568
"2018_1116_1285",0.99999968322419
"2018_1116_1293",0.432137599562016
"2018_1116_1300",0.994149399582063
"2018_1116_1301",0.459254906739671
"2018_1116_1305",0.559790842298883
"2018_1116_1308",0.316998795287732
"2018_1116_1314",0.0146300440698813
"2018_1116_1326",0.153637707358043
"2018_1116_1328",0.491523990809122
"2018_1116_1335",0.158117458043063
"2018_1116_1344",0.463823315039041
"2018_1116_1345",0.0536383624156624
"2018_1116_1347",0.999999937885084
"2018_1116_1348",0.0940289254279776
"2018_1116_1355",0.999999969664734
"2018_1116_1361",0.522755364510178
"2018_1116_1371",0.260743926900996
"2018_1116_1372",0.770133331564154
"2018_1116_1382",0.549796447750103
"2018_1116_1393",0.393046124743346
"2018_1116_1395",0.197688866761919
"2018_1116_1397",0.139292618807199
"2018_1116_1400",0.338720737601301
"2018_1116_1401",0.0603379326286613
"2018_1116_1403",0.181774623338405
"2018_1116_1411",1
"2018_1116_1417",0.860926322172885
"2018_1116_1420",0.982697720419836
"2018_1116_1422",0.999999791959256
"2018_1116_1437",0.00654527930072174
"2018_1116_1438",0.0779323263599152
"2018_1116_1439",0.590939784907903
"2018_1116_1452",0.0202166033473381
"2018_1116_1455",0.132940763556484
"2018_1116_1460",0.181672789864969
"2018_1116_1462",0.0501636389947515
"2018_1120_1137",0.837237076515351
"2018_1120_1138",0.0889477660707375
"2018_1120_1139",0.494000307272495
"2018_1120_1153",0.180233902349706
"2018_1120_1155",0.709758231869458
"2018_1120_1158",0.491108295669784
"2018_1120_1166",0.684709124121333
"2018_1120_1168",0.973431826099449
"2018_1120_1172",0.690422176756364
"2018_1120_1181",0.10595230437193
"2018_1120_1196",0.303296003797843
"2018_1120_1199",0.777764514221795
"2018_1120_1209",0.838062907512468
"2018_1120_1211",0.032959130437709
"2018_1120_1222",0.606855257267618
"2018_1120_1233",0.946079135558446
"2018_1120_1242",0.254307414601385
"2018_1120_1243",0.790023787152782
"2018_1120_1246",0.581008393323477
"2018_1120_1252",0.983564346726786
"2018_1120_1254",1
"2018_1120_1260",0.581046023714064
"2018_1120_1267",0.918957463133165
"2018_1120_1274",0.472196610875155
"2018_1120_1276",0.13720625501409
"2018_1120_1277",0.181267095054924
"2018_1120_1281",0.688946934668756
"2018_1120_1285",0.999999906317083
"2018_1120_1293",0.720137464380215
"2018_1120_1300",0.998262591744046
"2018_1120_1301",0.741721634382011
"2018_1120_1305",0.811317215911651
"2018_1120_1308",0.610800900207431
"2018_1120_1314",0.0478040138636728
"2018_1120_1326",0.380347961846879
"2018_1120_1328",0.765732878061238
"2018_1120_1335",0.388404526175136
"2018_1120_1344",0.745227511240418
"2018_1120_1345",0.160827815403893
"2018_1120_1347",0.999999981630209
"2018_1120_1348",0.259777318137602
"2018_1120_1355",0.999999991028685
"2018_1120_1361",0.787406549564798
"2018_1120_1371",0.543929710486769
"2018_1120_1372",0.918888711890482
"2018_1120_1382",0.805044614199948
"2018_1120_1393",0.686488370634977
"2018_1120_1395",0.454495410044402
"2018_1120_1397",0.353680720426533
"2018_1120_1400",0.633968160272477
"2018_1120_1401",0.178391903642654
"2018_1120_1403",0.428960982541204
"2018_1120_1411",1
"2018_1120_1417",0.954404725447976
"2018_1120_1420",0.994819923757876
"2018_1120_1422",0.999999938474272
"2018_1120_1437",0.0217922908325555
"2018_1120_1438",0.222267828911208
"2018_1120_1439",0.830070982824212
"2018_1120_1452",0.0652197797971874
"2018_1120_1455",0.341430706452416
"2018_1120_1460",0.428793240686002
"2018_1120_1462",0.151521062813035
"2018_1137_1138",0.533939828288312
"2018_1137_1139",0.919717833668634
"2018_1137_1153",0.72066361673548
"2018_1137_1155",0.96632451108318
"2018_1137_1158",0.918859333031566
"2018_1137_1166",0.962240154784947
"2018_1137_1168",0.997679462252706
"2018_1137_1172",0.963194677722345
"2018_1137_1181",0.581698362932372
"2018_1137_1196",0.836288502614819
"2018_1137_1199",0.976228413493126
"2018_1137_1209",0.98379989126359
"2018_1137_1211",0.285681150215443
"2018_1137_1222",0.947679683175867
"2018_1137_1233",0.99516644630933
"2018_1137_1242",0.800072849481782
"2018_1137_1243",0.977851502042503
"2018_1137_1246",0.94210216052235
"2018_1137_1252",0.998577973738911
"2018_1137_1254",1
"2018_1137_1260",0.942110591678113
"2018_1137_1267",0.9925405412913
"2018_1137_1274",0.913028843037378
"2018_1137_1276",0.651088887480336
"2018_1137_1277",0.722066032624555
"2018_1137_1281",0.962949533404416
"2018_1137_1285",0.999999992016343
"2018_1137_1293",0.967943163840094
"2018_1137_1300",0.999851702402405
"2018_1137_1301",0.971180368779562
"2018_1137_1305",0.98056610278756
"2018_1137_1308",0.948495083894509
"2018_1137_1314",0.370717039516041
"2018_1137_1326",0.878088045251713
"2018_1137_1328",0.974590412009806
"2018_1137_1335",0.881686185152104
"2018_1137_1344",0.971690446202212
"2018_1137_1345",0.69220277764593
"2018_1137_1347",0.999999998434527
"2018_1137_1348",0.80461517873414
"2018_1137_1355",0.999999999235465
"2018_1137_1361",0.977508782417156
"2018_1137_1371",0.933310624477651
"2018_1137_1372",0.99253370599749
"2018_1137_1382",0.979779810754877
"2018_1137_1393",0.962538926887512
"2018_1137_1395",0.907206704279665
"2018_1137_1397",0.865252684664669
"2018_1137_1400",0.953104272721863
"2018_1137_1401",0.718136885974563
"2018_1137_1403",0.898112654232974
"2018_1137_1411",1
"2018_1137_1417",0.995945249278429
"2018_1137_1420",0.999556452183667
"2018_1137_1422",0.999999994756778
"2018_1137_1437",0.207239436055356
"2018_1137_1438",0.770302525746906
"2018_1137_1439",0.982853226068853
"2018_1137_1452",0.450158747006214
"2018_1137_1455",0.858828566816287
"2018_1137_1460",0.89804997141994
"2018_1137_1462",0.676951839840922
"2018_1138_1139",1.0992337521108e-07
"2018_1138_1153",2.47548134788865e-08
"2018_1138_1155",2.75336345860945e-07
"2018_1138_1158",1.08658821010717e-07
"2018_1138_1166",2.44516259040711e-07
"2018_1138_1168",4.12529662244658e-06
"2018_1138_1172",2.51106478868296e-07
"2018_1138_1181",1.33432876815916e-08
"2018_1138_1196",4.90152815940214e-08
"2018_1138_1199",3.94046689586851e-07
"2018_1138_1209",5.82697514462896e-07
"2018_1138_1211",3.83746167728783e-09
"2018_1138_1222",1.73798373368124e-07
"2018_1138_1233",1.97552667222049e-06
"2018_1138_1242",3.83983283458057e-08
"2018_1138_1243",4.23626404934125e-07
"2018_1138_1246",1.56131363380315e-07
"2018_1138_1252",6.73792259189767e-06
"2018_1138_1254",0.999999869860834
"2018_1138_1260",1.56155500202728e-07
"2018_1138_1267",1.27671794949618e-06
"2018_1138_1274",1.00731148145794e-07
"2018_1138_1276",1.79052360859131e-08
"2018_1138_1277",2.49281388934232e-08
"2018_1138_1281",2.49381547240446e-07
"2018_1138_1285",0.545837837794032
"2018_1138_1293",2.89723452299303e-07
"2018_1138_1300",6.46886306583312e-05
"2018_1138_1301",3.23344824101153e-07
"2018_1138_1305",4.84140419756734e-07
"2018_1138_1308",1.76701770651919e-07
"2018_1138_1314",5.65263771139952e-09
"2018_1138_1326",6.91108632386129e-08
"2018_1138_1328",3.68026362757723e-07
"2018_1138_1335",7.15044590132264e-08
"2018_1138_1344",3.29343687214724e-07
"2018_1138_1345",2.15785972848337e-08
"2018_1138_1347",0.859733227224682
"2018_1138_1348",3.95140877524393e-08
"2018_1138_1355",0.926201353722469
"2018_1138_1361",4.17025006571808e-07
"2018_1138_1371",1.34283941037244e-07
"2018_1138_1372",1.27554034826182e-06
"2018_1138_1382",4.64940786918439e-07
"2018_1138_1393",2.46542933472811e-07
"2018_1138_1395",9.38089313304672e-08
"2018_1138_1397",6.16137136011609e-08
"2018_1138_1400",1.95012133790937e-07
"2018_1138_1401",2.44468864777113e-08
"2018_1138_1403",8.4579498957005e-08
"2018_1138_1411",0.999999989484478
"2018_1138_1417",2.35681155636001e-06
"2018_1138_1420",2.16228068367727e-05
"2018_1138_1422",0.646645876373926
"2018_1138_1437",2.50833154996449e-09
"2018_1138_1438",3.21780458492451e-08
"2018_1138_1439",5.49997334368479e-07
"2018_1138_1452",7.85566486169077e-09
"2018_1138_1455",5.83732952702914e-08
"2018_1138_1460",8.45215967153498e-08
"2018_1138_1462",2.01068977874013e-08
"2018_1139_1153",0.325318899082186
"2018_1139_1155",0.842843545773291
"2018_1139_1158",0.679126143605233
"2018_1139_1166",0.826472114059069
"2018_1139_1168",0.987708056830279
"2018_1139_1172",0.830253247010057
"2018_1139_1181",0.206289099458194
"2018_1139_1196",0.488421565763289
"2018_1139_1199",0.884731050510338
"2018_1139_1209",0.919028106531066
"2018_1139_1211",0.0695486647421209
"2018_1139_1222",0.771965308991979
"2018_1139_1233",0.974670706394949
"2018_1139_1242",0.427896096989723
"2018_1139_1243",0.891909726879242
"2018_1139_1246",0.752547169089693
"2018_1139_1252",0.992438230027435
"2018_1139_1254",1
"2018_1139_1260",0.752575954050226
"2018_1139_1267",0.961342690022976
"2018_1139_1274",0.662398466525992
"2018_1139_1276",0.258580223051138
"2018_1139_1277",0.32685218213769
"2018_1139_1281",0.829279580736591
"2018_1139_1285",0.999999957283446
"2018_1139_1293",0.849472906915554
"2018_1139_1300",0.999207045341532
"2018_1139_1301",0.862980099670051
"2018_1139_1305",0.904124906464047
"2018_1139_1308",0.774868627210157
"2018_1139_1314",0.0991833223878365
"2018_1139_1326",0.57377202973832
"2018_1139_1328",0.8775789677646
"2018_1139_1335",0.582077039142553
"2018_1139_1344",0.865139282550979
"2018_1139_1345",0.295930549212446
"2018_1139_1347",0.999999991623936
"2018_1139_1348",0.434922045227377
"2018_1139_1355",0.999999995909354
"2018_1139_1361",0.890386238728295
"2018_1139_1371",0.723422523690746
"2018_1139_1372",0.961308381741318
"2018_1139_1382",0.900559461953648
"2018_1139_1393",0.827652730874297
"2018_1139_1395",0.646298006672669
"2018_1139_1397",0.54548151759305
"2018_1139_1400",0.791601795939827
"2018_1139_1401",0.322577596507155
"2018_1139_1403",0.62228019628032
"2018_1139_1411",1
"2018_1139_1417",0.978681126589668
"2018_1139_1420",0.997631368193526
"2018_1139_1422",0.999999971946144
"2018_1139_1437",0.046582126559305
"2018_1139_1438",0.385286346686261
"2018_1139_1439",0.914624919452354
"2018_1139_1452",0.13270860077596
"2018_1139_1455",0.532057062792485
"2018_1139_1460",0.622119216586119
"2018_1139_1462",0.281427601822219
"2018_1153_1155",0.699335717016015
"2018_1153_1158",0.478602053580948
"2018_1153_1166",0.673800508487884
"2018_1153_1168",0.972105647322458
"2018_1153_1172",0.67961873617363
"2018_1153_1181",0.101301751925408
"2018_1153_1196",0.292820458942335
"2018_1153_1199",0.768989242493698
"2018_1153_1209",0.831151706248574
"2018_1153_1211",0.0313999352573427
"2018_1153_1222",0.594846873521103
"2018_1153_1233",0.943466911519004
"2018_1153_1242",0.244929051823831
"2018_1153_1243",0.781596657145562
"2018_1153_1246",0.568771530947852
"2018_1153_1252",0.982734972978624
"2018_1153_1254",1
"2018_1153_1260",0.568809444728768
"2018_1153_1267",0.915149157337669
"2018_1153_1274",0.459736886728721
"2018_1153_1276",0.131385474237708
"2018_1153_1277",0.173953962048163
"2018_1153_1281",0.678116013670414
"2018_1153_1285",0.999999901506615
"2018_1153_1293",0.709935343511298
"2018_1153_1300",0.998173541556815
"2018_1153_1301",0.732013538762949
"2018_1153_1305",0.803532147477178
"2018_1153_1308",0.598833364857854
"2018_1153_1314",0.0455756499371411
"2018_1153_1326",0.368619185108132
"2018_1153_1328",0.756631178875064
"2018_1153_1335",0.376578292741431
"2018_1153_1344",0.735604219687367
"2018_1153_1345",0.154184003908054
"2018_1153_1347",0.999999980686949
"2018_1153_1348",0.250264935830197
"2018_1153_1355",0.999999990568022
"2018_1153_1361",0.778903776417817
"2018_1153_1371",0.531483182769204
"2018_1153_1372",0.915077473931935
"2018_1153_1382",0.797065473252379
"2018_1153_1393",0.675612150013931
"2018_1153_1395",0.44211151846238
"2018_1153_1397",0.342319989513254
"2018_1153_1400",0.622272456891324
"2018_1153_1401",0.171170517373991
"2018_1153_1403",0.416741319017328
"2018_1153_1411",1
"2018_1153_1417",0.952175450080987
"2018_1153_1420",0.994555383345295
"2018_1153_1422",0.999999935315025
"2018_1153_1437",0.0207500293265717
"2018_1153_1438",0.213732362597989
"2018_1153_1439",0.822890781117197
"2018_1153_1452",0.0622326459507485
"2018_1153_1455",0.330262395274932
"2018_1153_1460",0.41657486970505
"2018_1153_1462",0.145195193607856
"2018_1155_1158",0.389893503932727
"2018_1155_1166",0.589841251749354
"2018_1155_1168",0.960415350363176
"2018_1155_1172",0.596259692256755
"2018_1155_1181",0.0727658471107207
"2018_1155_1196",0.223768160040212
"2018_1155_1199",0.698569860185231
"2018_1155_1209",0.774115258795649
"2018_1155_1211",0.0220712326937187
"2018_1155_1222",0.505480564807649
"2018_1155_1233",0.920752791335832
"2018_1155_1242",0.184228279155663
"2018_1155_1243",0.713589031824405
"2018_1155_1246",0.478694157437184
"2018_1155_1252",0.975386549302924
"2018_1155_1254",1
"2018_1155_1260",0.478732732672433
"2018_1155_1267",0.882474685308215
"2018_1155_1274",0.372030041397853
"2018_1155_1276",0.0952736122252842
"2018_1155_1277",0.127864284614411
"2018_1155_1281",0.594599210466786
"2018_1155_1285",0.99999985852753
"2018_1155_1293",0.630171881034883
"2018_1155_1300",0.997378627794323
"2018_1155_1301",0.655374103868262
"2018_1155_1305",0.74008349808508
"2018_1155_1308",0.509621483783059
"2018_1155_1314",0.0321753405356342
"2018_1155_1326",0.288996886900463
"2018_1155_1328",0.683992726148522
"2018_1155_1335",0.296042906984846
"2018_1155_1344",0.659514021405572
"2018_1155_1345",0.112618308041461
"2018_1155_1347",0.999999972259405
"2018_1155_1348",0.18857202621008
"2018_1155_1355",0.999999986452235
"2018_1155_1361",0.710368354032908
"2018_1155_1371",0.441268319351711
"2018_1155_1372",0.882378945804771
"2018_1155_1382",0.732224385161087
"2018_1155_1393",0.591836722764977
"2018_1155_1395",0.355554267735892
"2018_1155_1397",0.265985232101168
"2018_1155_1400",0.534218697778101
"2018_1155_1401",0.125706094087859
"2018_1155_1403",0.332193485148204
"2018_1155_1411",1
"2018_1155_1417",0.932710735929454
"2018_1155_1420",0.992198077941734
"2018_1155_1422",0.999999907088751
"2018_1155_1437",0.0145378507036494
"2018_1155_1438",0.159133632653279
"2018_1155_1439",0.763856647601147
"2018_1155_1452",0.0441613997338369
"2018_1155_1455",0.255571552645275
"2018_1155_1460",0.332041580574225
"2018_1155_1462",0.105749774921671
"2018_1158_1166",0.46027048472867
"2018_1158_1168",0.935012289491881
"2018_1158_1172",0.466883921035981
"2018_1158_1181",0.0444669828112818
"2018_1158_1196",0.145990137774108
"2018_1158_1199",0.578820659523334
"2018_1158_1209",0.670209545476067
"2018_1158_1211",0.0132068512917425
"2018_1158_1222",0.377390322278712
"2018_1158_1233",0.873255667570028
"2018_1158_1242",0.118102611358799
"2018_1158_1243",0.596358895170156
"2018_1158_1246",0.352552546571356
"2018_1158_1252",0.95918278915418
"2018_1158_1254",1
"2018_1158_1260",0.352587831944073
"2018_1158_1267",0.816605029013492
"2018_1158_1274",0.25997842950459
"2018_1158_1276",0.0587762718765926
"2018_1158_1277",0.0799859039314481
"2018_1158_1281",0.465168621886318
"2018_1158_1285",0.999999761428754
"2018_1158_1293",0.502597802907507
"2018_1158_1300",0.995587403348052
"2018_1158_1301",0.530009837526025
"2018_1158_1305",0.628045161577603
"2018_1158_1308",0.381290981776226
"2018_1158_1314",0.0193331123463218
"2018_1158_1326",0.194219275932437
"2018_1158_1328",0.562082746619216
"2018_1158_1335",0.199603240281896
"2018_1158_1344",0.534586262117283
"2018_1158_1345",0.0699905925187792
"2018_1158_1347",0.999999953219812
"2018_1158_1348",0.121118726850692
"2018_1158_1355",0.999999977153806
"2018_1158_1361",0.592572630212256
"2018_1158_1371",0.318954820094163
"2018_1158_1372",0.816466790022481
"2018_1158_1382",0.618544439648266
"2018_1158_1393",0.462321703517512
"2018_1158_1395",0.246516966938242
"2018_1158_1397",0.17687696475477
"2018_1158_1400",0.404807349061408
"2018_1158_1401",0.0785630439619446
"2018_1158_1403",0.227787983248535
"2018_1158_1411",1
"2018_1158_1417",0.891536383791204
"2018_1158_1420",0.986913350958847
"2018_1158_1422",0.999999843319671
"2018_1158_1437",0.00867224060480896
"2018_1158_1438",0.100901174100111
"2018_1158_1439",0.657320956538681
"2018_1158_1452",0.0266669609674922
"2018_1158_1455",0.169148047784262
"2018_1158_1460",0.227667544729631
"2018_1158_1462",0.0655299130801183
"2018_1166_1168",0.96804338957351
"2018_1166_1172",0.648369043814664
"2018_1166_1181",0.0892370777004012
"2018_1166_1196",0.264663830711667
"2018_1166_1199",0.743162343482066
"2018_1166_1209",0.81056250256847
"2018_1166_1211",0.027406437502193
"2018_1166_1222",0.560673667948353
"2018_1166_1233",0.935510672471175
"2018_1166_1242",0.219945240373175
"2018_1166_1243",0.756733370778313
"2018_1166_1246",0.534121483343081
"2018_1166_1252",0.980189118919756
"2018_1166_1254",1
"2018_1166_1260",0.534159948443038
"2018_1166_1267",0.903614735544169
"2018_1166_1274",0.425180007387849
"2018_1166_1276",0.116201199178136
"2018_1166_1277",0.154726367845126
"2018_1166_1281",0.646795923082307
"2018_1166_1285",0.99999988668951
"2018_1166_1293",0.680251463728447
"2018_1166_1300",0.997899350743384
"2018_1166_1301",0.703645887944441
"2018_1166_1305",0.780464618113689
"2018_1166_1308",0.564750374038565
"2018_1166_1314",0.0398534411257105
"2018_1166_1326",0.336643626349291
"2018_1166_1328",0.729907922361037
"2018_1166_1335",0.344288802904284
"2018_1166_1344",0.707464763625316
"2018_1166_1345",0.136779797852899
"2018_1166_1347",0.999999977781541
"2018_1166_1348",0.22489895684235
"2018_1166_1355",0.999999989149098
"2018_1166_1361",0.753830482912784
"2018_1166_1371",0.49648935196347
"2018_1166_1372",0.903534334828664
"2018_1166_1382",0.773452749026191
"2018_1166_1393",0.644176266983225
"2018_1166_1395",0.407879272391396
"2018_1166_1397",0.311500221424747
"2018_1166_1400",0.588813472315158
"2018_1166_1401",0.152193899968733
"2018_1166_1403",0.383124437021274
"2018_1166_1411",1
"2018_1166_1417",0.945373853911428
"2018_1166_1420",0.993741434577196
"2018_1166_1422",0.999999925583974
"2018_1166_1437",0.0180857141736706
"2018_1166_1438",0.191125262369166
"2018_1166_1439",0.801534781472673
"2018_1166_1452",0.0545385893776719
"2018_1166_1455",0.300032961157334
"2018_1166_1460",0.382962598592147
"2018_1166_1462",0.12865130774383
"2018_1168_1172",0.00449725080511827
"2018_1168_1181",0.000239996678273678
"2018_1168_1196",0.00088103942202585
"2018_1168_1199",0.00703925264117118
"2018_1168_1209",0.0103743519702907
"2018_1168_1211",6.90336264784353e-05
"2018_1168_1222",0.00311699848203189
"2018_1168_1233",0.0343212462470068
"2018_1168_1242",0.000690333644991637
"2018_1168_1243",0.00756366835697601
"2018_1168_1246",0.00280103577614494
"2018_1168_1252",0.108114659857464
"2018_1168_1254",0.999999999992766
"2018_1168_1260",0.00280146758374896
"2018_1168_1267",0.0224532732564853
"2018_1168_1274",0.00180893982891357
"2018_1168_1276",0.000322022933092324
"2018_1168_1277",0.000448272149959397
"2018_1168_1281",0.00446649571069927
"2018_1168_1285",0.9999537533149
"2018_1168_1293",0.00518528456749416
"2018_1168_1300",0.537863996423065
"2018_1168_1301",0.00578353836391936
"2018_1168_1305",0.00863479126372516
"2018_1168_1308",0.00316890465424691
"2018_1168_1314",0.000101684230891484
"2018_1168_1326",0.00124180476155695
"2018_1168_1328",0.00657748257584297
"2018_1168_1335",0.00128475835691728
"2018_1168_1344",0.00589020562771331
"2018_1168_1345",0.000388062136716472
"2018_1168_1347",0.999990931393921
"2018_1168_1348",0.000710378765576833
"2018_1168_1355",0.999995571114594
"2018_1168_1361",0.00744668086665941
"2018_1168_1371",0.00241003210095986
"2018_1168_1372",0.0224330276855599
"2018_1168_1382",0.00829520036543946
"2018_1168_1393",0.00441587980889464
"2018_1168_1395",0.00168483941153117
"2018_1168_1397",0.00110724287319864
"2018_1168_1400",0.00349612801718578
"2018_1168_1401",0.000439621796208467
"2018_1168_1403",0.00151932759098164
"2018_1168_1411",0.999999999999415
"2018_1168_1417",0.0406759614317804
"2018_1168_1420",0.280066172813771
"2018_1168_1422",0.999969627269034
"2018_1168_1437",4.51244541358269e-05
"2018_1168_1438",0.000578568727173423
"2018_1168_1439",0.00979786160180768
"2018_1168_1452",0.000141308469990663
"2018_1168_1455",0.0010490713054005
"2018_1168_1460",0.00151828905428009
"2018_1168_1462",0.000361605164611857
"2018_1172_1181",0.0457832763339615
"2018_1172_1196",0.149840415275741
"2018_1172_1199",0.586249997082501
"2018_1172_1209",0.676926615081379
"2018_1172_1211",0.0136109761603006
"2018_1172_1222",0.384595086552936
"2018_1172_1233",0.876598614683077
"2018_1172_1242",0.121321881115743
"2018_1172_1243",0.603690685535363
"2018_1172_1246",0.359556970404558
"2018_1172_1252",0.960362236552562
"2018_1172_1254",1
"2018_1172_1260",0.359592567459698
"2018_1172_1267",0.821136119717359
"2018_1172_1274",0.265898967986148
"2018_1172_1276",0.0604893288642457
"2018_1172_1277",0.082263096252835
"2018_1172_1281",0.472776667215338
"2018_1172_1285",0.999999768606998
"2018_1172_1293",0.510234002546145
"2018_1172_1300",0.995719603351427
"2018_1172_1301",0.537612368478254
"2018_1172_1305",0.635153516380937
"2018_1172_1308",0.388523744018499
"2018_1172_1314",0.0199209142038747
"2018_1172_1326",0.199045066488599
"2018_1172_1328",0.569587784708415
"2018_1172_1335",0.204528850911357
"2018_1172_1344",0.542178710293016
"2018_1172_1345",0.0720054908372083
"2018_1172_1347",0.999999954627356
"2018_1172_1348",0.124408612749045
"2018_1172_1355",0.999999977841213
"2018_1172_1361",0.599927056968868
"2018_1172_1371",0.32562745112609
"2018_1172_1372",0.821000547498376
"2018_1172_1382",0.625726159152876
"2018_1172_1393",0.469924097988365
"2018_1172_1395",0.252235435712013
"2018_1172_1397",0.181368839180119
"2018_1172_1400",0.412189010918461
"2018_1172_1401",0.0808032853848121
"2018_1172_1403",0.233206461218654
"2018_1172_1411",1
"2018_1172_1417",0.894455443435007
"2018_1172_1420",0.987302108384568
"2018_1172_1422",0.999999848033943
"2018_1172_1437",0.00893886496217319
"2018_1172_1438",0.103706700934845
"2018_1172_1439",0.664168997079367
"2018_1172_1452",0.0274714940792491
"2018_1172_1455",0.173485011424973
"2018_1172_1460",0.233084022527563
"2018_1172_1462",0.0674257068399062
"2018_1181_1196",0.820401370785636
"2018_1181_1199",0.973491065081008
"2018_1181_1209",0.981918265678944
"2018_1181_1211",0.263423157173023
"2018_1181_1222",0.941850705744109
"2018_1181_1233",0.994597784613625
"2018_1181_1242",0.781589094273209
"2018_1181_1243",0.975296326108247
"2018_1181_1246",0.935693959530587
"2018_1181_1252",0.998410032831895
"2018_1181_1254",1
"2018_1181_1260",0.935703260169482
"2018_1181_1267",0.991665532384004
"2018_1181_1274",0.903731589981567
"2018_1181_1276",0.625282282979848
"2018_1181_1277",0.699082847538371
"2018_1181_1281",0.958747708395103
"2018_1181_1285",0.999999991071973
"2018_1181_1293",0.964286653930877
"2018_1181_1300",0.999834163515452
"2018_1181_1301",0.967880852626997
"2018_1181_1305",0.978317154283218
"2018_1181_1308",0.942751462033092
"2018_1181_1314",0.345033923692489
"2018_1181_1326",0.865605412332896
"2018_1181_1328",0.971669917986275
"2018_1181_1335",0.869517221693642
"2018_1181_1344",0.96844743075949
"2018_1181_1345",0.667885948466681
"2018_1181_1347",0.99999999824935
"2018_1181_1348",0.786439277315306
"2018_1181_1355",0.999999999145029
"2018_1181_1361",0.97491508268343
"2018_1181_1371",0.926005791427523
"2018_1181_1372",0.991657902035905
"2018_1181_1382",0.977441963475827
"2018_1181_1393",0.958292552631784
"2018_1181_1395",0.897357031315098
"2018_1181_1397",0.851677823355261
"2018_1181_1400",0.94784638660355
"2018_1181_1401",0.694966046219252
"2018_1181_1403",0.887417472580194
"2018_1181_1411",1
"2018_1181_1417",0.995467795520866
"2018_1181_1420",0.999504011912557
"2018_1181_1422",0.999999994136569
"2018_1181_1437",0.189471915566259
"2018_1181_1438",0.749926710995602
"2018_1181_1439",0.980863785072588
"2018_1181_1452",0.42266858901632
"2018_1181_1455",0.844722663234201
"2018_1181_1460",0.887349035227416
"2018_1181_1462",0.652035820016926
"2018_1196_1199",0.711181744641208
"2018_1196_1209",0.784541202113737
"2018_1196_1211",0.023418583059064
"2018_1196_1222",0.520627442870596
"2018_1196_1233",0.92506569001558
"2018_1196_1242",0.193515754679817
"2018_1196_1243",0.725819153506735
"2018_1196_1246",0.493839932587302
"2018_1196_1252",0.976801011395369
"2018_1196_1254",1
"2018_1196_1260",0.493878572037336
"2018_1196_1267",0.888618804472706
"2018_1196_1274",0.386301827867195
"2018_1196_1276",0.100629810175863
"2018_1196_1277",0.134779750245925
"2018_1196_1281",0.609127192219597
"2018_1196_1285",0.99999986685062
"2018_1196_1293",0.644187917264886
"2018_1196_1300",0.997532467499285
"2018_1196_1301",0.668936789583785
"2018_1196_1305",0.751576131146125
"2018_1196_1308",0.524760773746474
"2018_1196_1314",0.0341179823465301
"2018_1196_1326",0.301613263559762
"2018_1196_1328",0.696949932274136
"2018_1196_1335",0.308833273269751
"2018_1196_1344",0.67299507471664
"2018_1196_1345",0.118821544944849
"2018_1196_1347",0.999999973891437
"2018_1196_1348",0.198025325773468
"2018_1196_1355",0.999999987249275
"2018_1196_1361",0.722682556580796
"2018_1196_1371",0.45626635745466
"2018_1196_1372",0.888527437900907
"2018_1196_1382",0.743944291718053
"2018_1196_1393",0.606398169230655
"2018_1196_1395",0.369565974488228
"2018_1196_1397",0.277989795221074
"2018_1196_1400",0.549270233828606
"2018_1196_1401",0.132522571729249
"2018_1196_1403",0.345778539986811
"2018_1196_1411",1
"2018_1196_1417",0.936417783331428
"2018_1196_1420",0.992653707703622
"2018_1196_1422",0.999999912554894
"2018_1196_1437",0.0154325789839213
"2018_1196_1438",0.167415642130852
"2018_1196_1439",0.774618230269272
"2018_1196_1452",0.0467927318979733
"2018_1196_1455",0.267277260475549
"2018_1196_1460",0.345623638370246
"2018_1196_1462",0.111622269358612
"2018_1199_1209",0.772997288248534
"2018_1199_1211",0.0219338953995205
"2018_1199_1222",0.503885125088237
"2018_1199_1233",0.920285839367069
"2018_1199_1242",0.183271023482803
"2018_1199_1243",0.712282838010028
"2018_1199_1246",0.477101695540819
"2018_1199_1252",0.975232859049346
"2018_1199_1254",1
"2018_1199_1260",0.477140259904741
"2018_1199_1267",0.8818111370715
"2018_1199_1274",0.370540201164662
"2018_1199_1276",0.0947248971439027
"2018_1199_1277",0.127154248490355
"2018_1199_1281",0.59305982072057
"2018_1199_1285",0.99999985762172
"2018_1199_1293",0.628683214961064
"2018_1199_1300",0.997361888121854
"2018_1199_1301",0.653931173258223
"2018_1199_1305",0.738853914860962
"2018_1199_1308",0.508026401047162
"2018_1199_1314",0.0319771867226686
"2018_1199_1326",0.287687229853823
"2018_1199_1328",0.682611590818235
"2018_1199_1335",0.2947145546882
"2018_1199_1344",0.6580793811487
"2018_1199_1345",0.111982062977881
"2018_1199_1347",0.99999997208179
"2018_1199_1348",0.18759739061959
"2018_1199_1355",0.999999986365492
"2018_1199_1361",0.709053460798568
"2018_1199_1371",0.43969534853323
"2018_1199_1372",0.881714929476468
"2018_1199_1382",0.73097113793554
"2018_1199_1393",0.590294071191258
"2018_1199_1395",0.3540932030641
"2018_1199_1397",0.264741028236408
"2018_1199_1400",0.532630248415873
"2018_1199_1401",0.125006324707602
"2018_1199_1403",0.330779143704941
"2018_1199_1411",1
"2018_1199_1417",0.932309064277599
"2018_1199_1420",0.992148516515975
"2018_1199_1422",0.999999906493865
"2018_1199_1437",0.0144466970646065
"2018_1199_1438",0.158281469888778
"2018_1199_1439",0.762703468022896
"2018_1199_1452",0.0438927767811527
"2018_1199_1455",0.254359180706601
"2018_1199_1460",0.330627565676527
"2018_1199_1462",0.105147736120646
"2018_1209_1211",0.0101474496431054
"2018_1209_1222",0.317074570430157
"2018_1209_1233",0.840700255722373
"2018_1209_1242",0.0930347757584497
"2018_1209_1243",0.530887532692575
"2018_1209_1246",0.294329851529255
"2018_1209_1252",0.947368281418109
"2018_1209_1254",1
"2018_1209_1260",0.294361959015646
"2018_1209_1267",0.773276334164313
"2018_1209_1274",0.212037133572657
"2018_1209_1276",0.0456489267215133
"2018_1209_1277",0.0624357389438931
"2018_1209_1281",0.399833135598468
"2018_1209_1285",0.99999968853817
"2018_1209_1293",0.436293739259187
"2018_1209_1300",0.994246980019418
"2018_1209_1301",0.463458996168997
"2018_1209_1305",0.563955428890564
"2018_1209_1308",0.32067290206515
"2018_1209_1314",0.0148759402507674
"2018_1209_1326",0.155850457771174
"2018_1209_1328",0.495752658532773
"2018_1209_1335",0.160382501445665
"2018_1209_1344",0.46803302784359
"2018_1209_1345",0.0545036303292055
"2018_1209_1347",0.999999938927075
"2018_1209_1348",0.0954800171415659
"2018_1209_1355",0.999999970173615
"2018_1209_1361",0.5269742573815
"2018_1209_1371",0.264018061894698
"2018_1209_1372",0.773114509286339
"2018_1209_1382",0.553980250892947
"2018_1209_1393",0.397089199817379
"2018_1209_1395",0.200385847887685
"2018_1209_1397",0.141333266181333
"2018_1209_1400",0.342520350251257
"2018_1209_1401",0.0613042738142847
"2018_1209_1403",0.184304367566121
"2018_1209_1411",1
"2018_1209_1417",0.862939552001699
"2018_1209_1420",0.982983030678731
"2018_1209_1422",0.999999795449184
"2018_1209_1437",0.00665620776196806
"2018_1209_1438",0.0791567130224257
"2018_1209_1439",0.595022874844372
"2018_1209_1452",0.0205544376282722
"2018_1209_1455",0.134902940768652
"2018_1209_1460",0.184201435930697
"2018_1209_1462",0.0509758736401457
"2018_1211_1222",0.912595639595984
"2018_1211_1233",0.991644494256514
"2018_1211_1242",0.697593761537357
"2018_1211_1243",0.962192391685841
"2018_1211_1246",0.903658258050301
"2018_1211_1252",0.997535663664549
"2018_1211_1254",1
"2018_1211_1260",0.90367171504431
"2018_1211_1267",0.98712997724418
"2018_1211_1274",0.85818628490403
"2018_1211_1276",0.518228142676294
"2018_1211_1277",0.599612061332138
"2018_1211_1281",0.937428816589516
"2018_1211_1285",0.999999986150063
"2018_1211_1293",0.945668033517267
"2018_1211_1300",0.99974276343059
"2018_1211_1301",0.951040877752112
"2018_1211_1305",0.966760991654229
"2018_1211_1308",0.91390814556668
"2018_1211_1314",0.253501093584857
"2018_1211_1326",0.805896482639417
"2018_1211_1328",0.956727721715328
"2018_1211_1335",0.811167099503586
"2018_1211_1344",0.951889745474586
"2018_1211_1345",0.564526570859482
"2018_1211_1347",0.999999997284239
"2018_1211_1348",0.703601850193032
"2018_1211_1355",0.999999998673695
"2018_1211_1361",0.961616878458125
"2018_1211_1371",0.889712555201863
"2018_1211_1372",0.987118248457072
"2018_1211_1382",0.965435835794311
"2018_1211_1393",0.936753956478153
"2018_1211_1395",0.849298781326879
"2018_1211_1397",0.787301603292715
"2018_1211_1400",0.921355891963148
"2018_1211_1401",0.594922944189301
"2018_1211_1403",0.835558253300269
"2018_1211_1411",1
"2018_1211_1417",0.99298677015299
"2018_1211_1420",0.999230790142514
"2018_1211_1422",0.999999990904132
"2018_1211_1437",0.130956213155896
"2018_1211_1438",0.659066307093349
"2018_1211_1439",0.97062412898992
"2018_1211_1452",0.320622310148292
"2018_1211_1455",0.77811416502245
"2018_1211_1460",0.835464136399219
"2018_1211_1462",0.547088698853128
"2018_1222_1233",0.77170309975719
"2018_1222_1242",0.0616514101535643
"2018_1222_1243",0.420240303507916
"2018_1222_1246",0.210828028108289
"2018_1222_1252",0.920185809432861
"2018_1222_1254",1
"2018_1222_1260",0.210853748397782
"2018_1222_1267",0.685983892833081
"2018_1222_1274",0.14701790136432
"2018_1222_1276",0.029726295820975
"2018_1222_1277",0.0409087554502949
"2018_1222_1281",0.299085781776991
"2018_1222_1285",0.999999513726475
"2018_1222_1293",0.331432714344754
"2018_1222_1300",0.991046935857648
"2018_1222_1301",0.35619450079208
"2018_1222_1305",0.453072548441942
"2018_1222_1308",0.232156219659354
"2018_1222_1314",0.00957937782613904
"2018_1222_1326",0.105748126238001
"2018_1222_1328",0.386396613539013
"2018_1222_1335",0.109011368871933
"2018_1222_1344",0.360421036694214
"2018_1222_1345",0.0356076609075495
"2018_1222_1347",0.999999904649148
"2018_1222_1348",0.0633293954921033
"2018_1222_1355",0.99999995343319
"2018_1222_1361",0.416418642055857
"2018_1222_1371",0.186838866516198
"2018_1222_1372",0.685785079930256
"2018_1222_1382",0.443065789728562
"2018_1222_1393",0.296691453142155
"2018_1222_1395",0.138312243486856
"2018_1222_1397",0.095370613852085
"2018_1222_1400",0.250194092532761
"2018_1222_1401",0.0401506975148588
"2018_1222_1403",0.126424708509506
"2018_1222_1411",1
"2018_1222_1417",0.801298196729047
"2018_1222_1420",0.973683396890061
"2018_1222_1422",0.99999968064256
"2018_1222_1437",0.00427357616484163
"2018_1222_1438",0.0521854605948366
"2018_1222_1439",0.484823315769385
"2018_1222_1452",0.0132632732845827
"2018_1222_1455",0.0908103203442207
"2018_1222_1460",0.126349094859527
"2018_1222_1462",0.0332599257281543
"2018_1233_1242",0.00964355181438393
"2018_1233_1243",0.0970065292097234
"2018_1233_1246",0.0380855151652418
"2018_1233_1252",0.630817214219092
"2018_1233_1254",0.999999999999487
"2018_1233_1260",0.0380911786502062
"2018_1233_1267",0.244578386268076
"2018_1233_1274",0.0249082077141094
"2018_1233_1276",0.00452007577631887
"2018_1233_1277",0.00628183098132038
"2018_1233_1281",0.0594793107041312
"2018_1233_1285",0.999996718950852
"2018_1233_1293",0.0684426070914321
"2018_1233_1300",0.942546862639045
"2018_1233_1301",0.0757832198080861
"2018_1233_1305",0.109348427432753
"2018_1233_1308",0.0428881035237033
"2018_1233_1314",0.00143140393862635
"2018_1233_1326",0.0172240008978637
"2018_1233_1328",0.0853614423950496
"2018_1233_1335",0.0178099152120215
"2018_1233_1344",0.0770808170317684
"2018_1233_1345",0.00544234830046219
"2018_1233_1347",0.999999356634655
"2018_1233_1348",0.00992098929250309
"2018_1233_1355",0.999999685797456
"2018_1233_1361",0.095639443704165
"2018_1233_1371",0.0329317208370614
"2018_1233_1372",0.244407931438196
"2018_1233_1382",0.105469340117222
"2018_1233_1393",0.0588421184215579
"2018_1233_1395",0.0232362955919913
"2018_1233_1397",0.0153842852994736
"2018_1233_1400",0.0471228740817825
"2018_1233_1401",0.00616130373704362
"2018_1233_1403",0.0209981866160634
"2018_1233_1411",1
"2018_1233_1417",0.374087209302519
"2018_1233_1420",0.8457613470286
"2018_1233_1422",0.999997845187106
"2018_1233_1437",0.000635684950165297
"2018_1233_1438",0.00809400272486285
"2018_1233_1439",0.122402268191792
"2018_1233_1452",0.00198816211270037
"2018_1233_1455",0.0145869897547021
"2018_1233_1460",0.0209841131249333
"2018_1233_1462",0.00507305326763828
"2018_1242_1243",0.818263134116159
"2018_1242_1246",0.62397850882246
"2018_1242_1252",0.98622848079934
"2018_1242_1254",1
"2018_1242_1260",0.624014777390786
"2018_1242_1267",0.931363231904428
"2018_1242_1274",0.517050115244752
"2018_1242_1276",0.159878140684189
"2018_1242_1277",0.209452131098056
"2018_1242_1281",0.726066461157476
"2018_1242_1285",0.999999921714644
"2018_1242_1293",0.754859271830508
"2018_1242_1300",0.998547734457131
"2018_1242_1301",0.774603705610327
"2018_1242_1305",0.837282671361338
"2018_1242_1308",0.652542818895626
"2018_1242_1314",0.0566734875904357
"2018_1242_1326",0.423476945098363
"2018_1242_1328",0.7963971461485
"2018_1242_1335",0.431810446999814
"2018_1242_1344",0.777796954420429
"2018_1242_1345",0.186558936142956
"2018_1242_1347",0.999999984649436
"2018_1242_1348",0.295759987080757
"2018_1242_1355",0.999999992503195
"2018_1242_1361",0.815915867400073
"2018_1242_1371",0.588006008534572
"2018_1242_1372",0.931304218183023
"2018_1242_1382",0.831694200812036
"2018_1242_1393",0.723783661296259
"2018_1242_1395",0.499257977465089
"2018_1242_1397",0.395716903959336
"2018_1242_1400",0.674549288713452
"2018_1242_1401",0.206242495669767
"2018_1242_1403",0.473391097364245
"2018_1242_1411",1
"2018_1242_1417",0.961611000325355
"2018_1242_1420",0.99566762360169
"2018_1242_1422",0.999999948586534
"2018_1242_1437",0.0259672084640391
"2018_1242_1438",0.254843656493282
"2018_1242_1439",0.853920328257352
"2018_1242_1452",0.0770590435069663
"2018_1242_1455",0.382873428239758
"2018_1242_1460",0.473220379345338
"2018_1242_1462",0.176075603672841
"2018_1243_1246",0.233226523848156
"2018_1243_1252",0.929211153944564
"2018_1243_1254",1
"2018_1243_1260",0.23325416902543
"2018_1243_1267",0.713239546445336
"2018_1243_1274",0.164046379123984
"2018_1243_1276",0.033706207269334
"2018_1243_1277",0.0463143682112297
"2018_1243_1281",0.326975866243711
"2018_1243_1285",0.999999572903033
"2018_1243_1293",0.36078653991942
"2018_1243_1300",0.992127893350984
"2018_1243_1301",0.386473662362708
"2018_1243_1305",0.485378259376477
"2018_1243_1308",0.256085346988762
"2018_1243_1314",0.0108921953217115
"2018_1243_1326",0.118661474379591
"2018_1243_1328",0.417577937654581
"2018_1243_1335",0.1222687210268
"2018_1243_1344",0.390841369253228
"2018_1243_1345",0.0403422603207432
"2018_1243_1347",0.999999916252776
"2018_1243_1348",0.0714768417906064
"2018_1243_1355",0.999999959100092
"2018_1243_1361",0.448252824878883
"2018_1243_1371",0.207358401238225
"2018_1243_1372",0.713050771515185
"2018_1243_1382",0.475278027279116
"2018_1243_1393",0.324461619918651
"2018_1243_1395",0.154515038487899
"2018_1243_1397",0.107168588626725
"2018_1243_1400",0.275315806366262
"2018_1243_1401",0.0454608897826927
"2018_1243_1403",0.141463541205206
"2018_1243_1411",1
"2018_1243_1417",0.821154385163934
"2018_1243_1420",0.976811708078241
"2018_1243_1422",0.999999719506442
"2018_1243_1437",0.00486282376652503
"2018_1243_1438",0.0589895092454658
"2018_1243_1439",0.517251865445246
"2018_1243_1452",0.0150732711630288
"2018_1243_1455",0.102107832442129
"2018_1243_1460",0.141380388641514
"2018_1243_1462",0.0376945582843164
"2018_1246_1252",0.923690887539926
"2018_1246_1254",1
"2018_1246_1260",0.219073098433364
"2018_1246_1267",0.69638044701514
"2018_1246_1274",0.153232032388083
"2018_1246_1276",0.0311638918948329
"2018_1246_1277",0.0428632570132842
"2018_1246_1281",0.30939606469535
"2018_1246_1285",0.999999536845598
"2018_1246_1293",0.342313495372377
"2018_1246_1300",0.991468964325752
"2018_1246_1301",0.367441423865309
"2018_1246_1305",0.46516824002406
"2018_1246_1308",0.240952419546277
"2018_1246_1314",0.0100527417173683
"2018_1246_1326",0.110443734628026
"2018_1246_1328",0.398007625380319
"2018_1246_1335",0.113833432324554
"2018_1246_1344",0.371724359213421
"2018_1246_1345",0.0373187464686665
"2018_1246_1347",0.999999909182459
"2018_1246_1348",0.0662810619239141
"2018_1246_1355",0.999999955647138
"2018_1246_1361",0.42830209177809
"2018_1246_1371",0.194352637945564
"2018_1246_1372",0.69618530122037
"2018_1246_1382",0.455116635641903
"2018_1246_1393",0.306955343900165
"2018_1246_1395",0.144220620634809
"2018_1246_1397",0.0996567745072956
"2018_1246_1400",0.259442808054789
"2018_1246_1401",0.0420705699658655
"2018_1246_1403",0.131903010605517
"2018_1246_1411",1
"2018_1246_1417",0.80894023436769
"2018_1246_1420",0.974903178958524
"2018_1246_1422",0.999999695825918
"2018_1246_1437",0.00448594198147272
"2018_1246_1438",0.0546480319297506
"2018_1246_1439",0.496996392609096
"2018_1246_1452",0.0139161186783802
"2018_1246_1455",0.0949130347315639
"2018_1246_1460",0.131824614861003
"2018_1246_1462",0.0348622718527447
"2018_1252_1254",0.999999885311101
"2018_1252_1260",1.77191921216548e-07
"2018_1252_1267",1.44871023999427e-06
"2018_1252_1274",1.14301102275415e-07
"2018_1252_1276",2.03173326388823e-08
"2018_1252_1277",2.82863228976101e-08
"2018_1252_1281",2.82976871511072e-07
"2018_1252_1285",0.57694598224749
"2018_1252_1293",3.28753416588691e-07
"2018_1252_1300",7.34024935785728e-05
"2018_1252_1301",3.6690407467672e-07
"2018_1252_1305",5.49361163798278e-07
"2018_1252_1308",2.00506073093761e-07
"2018_1252_1314",6.41413049832916e-09
"2018_1252_1326",7.84211043596485e-08
"2018_1252_1328",4.17604863930242e-07
"2018_1252_1335",8.1137152365391e-08
"2018_1252_1344",3.73711071596693e-07
"2018_1252_1345",2.44855491764126e-08
"2018_1252_1347",0.874292495902067
"2018_1252_1348",4.48372117854381e-08
"2018_1252_1355",0.934387954861887
"2018_1252_1361",4.73204334250475e-07
"2018_1252_1371",1.52373944819273e-07
"2018_1252_1372",1.44737399913542e-06
"2018_1252_1382",5.27575063011342e-07
"2018_1252_1393",2.79755855258574e-07
"2018_1252_1395",1.06446362041288e-07
"2018_1252_1397",6.9913979406617e-08
"2018_1252_1400",2.21283108319545e-07
"2018_1252_1401",2.77402387618695e-08
"2018_1252_1403",9.59735906889523e-08
"2018_1252_1411",0.999999990732892
"2018_1252_1417",2.67430761817173e-06
"2018_1252_1420",2.45356430014283e-05
"2018_1252_1422",0.674960890167802
"2018_1252_1437",2.84624041427411e-09
"2018_1252_1438",3.65128980588415e-08
"2018_1252_1439",6.24089955485584e-07
"2018_1252_1452",8.91393755123652e-09
"2018_1252_1455",6.62370294962825e-08
"2018_1252_1460",9.59078881712979e-08
"2018_1252_1462",2.28155902885795e-08
"2018_1254_1260",0.00456394669090452
"2018_1254_1267",0.0361312720646705
"2018_1254_1274",0.00294883935778345
"2018_1254_1276",0.000525438205301377
"2018_1254_1277",0.000731378113716119
"2018_1254_1281",0.00726885347472213
"2018_1254_1285",0.999971662263303
"2018_1254_1293",0.00843480207020736
"2018_1254_1300",0.655105978177421
"2018_1254_1301",0.00940442571506316
"2018_1254_1305",0.0140155918886568
"2018_1254_1308",0.00516135189708977
"2018_1254_1314",0.000165939174288072
"2018_1254_1326",0.00202505037368328
"2018_1254_1328",0.0106900883049746
"2018_1254_1335",0.00209503933292321
"2018_1254_1344",0.00957723062495762
"2018_1254_1345",0.000633166595918759
"2018_1254_1347",0.999994443275864
"2018_1254_1348",0.00115882606939598
"2018_1254_1355",0.999997286236716
"2018_1254_1361",0.0120961399940114
"2018_1254_1371",0.00392721839196807
"2018_1254_1372",0.0360991488159618
"2018_1254_1382",0.0134672584517295
"2018_1254_1393",0.00718670952268013
"2018_1254_1395",0.00274675251998247
"2018_1254_1397",0.00180576948909592
"2018_1254_1400",0.00569314174925726
"2018_1254_1401",0.000717268555363893
"2018_1254_1403",0.00247718149444315
"2018_1254_1411",0.999999999999642
"2018_1254_1417",0.06471984175071
"2018_1254_1420",0.388334124079968
"2018_1254_1422",0.999981389170705
"2018_1254_1437",7.36415297874697e-05
"2018_1254_1438",0.000943885697439127
"2018_1254_1439",0.0158918153551926
"2018_1254_1452",0.000230596459786641
"2018_1254_1455",0.00171096206804779
"2018_1254_1460",0.00247548983976642
"2018_1254_1462",0.00059000896250401
"2018_1260_1267",0.920339223241983
"2018_1260_1274",0.476859274659454
"2018_1260_1276",0.139434948379232
"2018_1260_1277",0.184058806575484
"2018_1260_1281",0.692939957400058
"2018_1260_1285",0.999999908052612
"2018_1260_1293",0.723890557745272
"2018_1260_1300",0.998294723343808
"2018_1260_1301",0.745287653344035
"2018_1260_1305",0.814163088001996
"2018_1260_1308",0.615236842149298
"2018_1260_1314",0.0486624178423589
"2018_1260_1326",0.384764835214542
"2018_1260_1328",0.769070592977822
"2018_1260_1335",0.392855642558164
"2018_1260_1344",0.748761520957558
"2018_1260_1345",0.163367551385621
"2018_1260_1347",0.99999998197052
"2018_1260_1348",0.263389187409085
"2018_1260_1355",0.999999991194884
"2018_1260_1361",0.790519945864787
"2018_1260_1371",0.54856451244834
"2018_1260_1372",0.920271542495703
"2018_1260_1382",0.807962701240156
"2018_1260_1393",0.690498775884535
"2018_1260_1395",0.459135333509998
"2018_1260_1397",0.357966813211363
"2018_1260_1400",0.638296416503144
"2018_1260_1401",0.181149131504791
"2018_1260_1403",0.433547405117609
"2018_1260_1411",1
"2018_1260_1417",0.955211572287806
"2018_1260_1420",0.994915399709803
"2018_1260_1422",0.999999939614071
"2018_1260_1437",0.0221944963908595
"2018_1260_1438",0.22551706423013
"2018_1260_1439",0.832692325510085
"2018_1260_1452",0.0663691164111179
"2018_1260_1455",0.345647738378247
"2018_1260_1460",0.433379230909894
"2018_1260_1462",0.153940790366658
"2018_1267_1274",0.132654307834051
"2018_1267_1276",0.0264664852460942
"2018_1267_1277",0.0364687579029251
"2018_1267_1281",0.274648963139692
"2018_1267_1285",0.999999451998473
"2018_1267_1293",0.305504942599859
"2018_1267_1300",0.989921879052435
"2018_1267_1301",0.329283692800355
"2018_1267_1305",0.423658963894357
"2018_1267_1308",0.211537483716625
"2018_1267_1314",0.00850951890172181
"2018_1267_1326",0.0949676625828035
"2018_1267_1328",0.358474526319928
"2018_1267_1335",0.0979346674901097
"2018_1267_1344",0.333356250225442
"2018_1267_1345",0.0317239823012315
"2018_1267_1347",0.999999892545219
"2018_1267_1348",0.0565995969803855
"2018_1267_1355",0.999999947521954
"2018_1267_1361",0.387697836316963
"2018_1267_1371",0.169357226339067
"2018_1267_1372",0.659480545263794
"2018_1267_1382",0.41381032192236
"2018_1267_1393",0.272374242201025
"2018_1267_1395",0.124674871597204
"2018_1267_1397",0.0855468777608846
"2018_1267_1400",0.228449974188518
"2018_1267_1401",0.0357899049311745
"2018_1267_1403",0.113804628736978
"2018_1267_1411",1
"2018_1267_1417",0.781583990497238
"2018_1267_1420",0.970441486419078
"2018_1267_1422",0.999999640103029
"2018_1267_1437",0.00379401803759711
"2018_1267_1438",0.0465809978548437
"2018_1267_1439",0.455063513121537
"2018_1267_1452",0.0117868802233437
"2018_1267_1455",0.0814140464047798
"2018_1267_1460",0.11373558034748
"2018_1267_1462",0.0296244455236739
"2018_1274_1276",0.239155013241765
"2018_1274_1277",0.30440391900497
"2018_1274_1281",0.814054451531234
"2018_1274_1285",0.999999952603743
"2018_1274_1293",0.835691838201586
"2018_1274_1300",0.999120251646146
"2018_1274_1301",0.850217598349967
"2018_1274_1305",0.894727272211075
"2018_1274_1308",0.756217511674315
"2018_1274_1314",0.0902744389117293
"2018_1274_1326",0.548175356950752
"2018_1274_1328",0.865965057450056
"2018_1274_1335",0.556593686134075
"2018_1274_1344",0.852543530823268
"2018_1274_1345",0.274739218813942
"2018_1274_1347",0.999999990706317
"2018_1274_1348",0.40956749508823
"2018_1274_1355",0.999999995461214
"2018_1274_1361",0.8798209482656
"2018_1274_1371",0.702147634379349
"2018_1274_1372",0.957250824027319
"2018_1274_1382",0.890854533840254
"2018_1274_1393",0.812315352547619
"2018_1274_1395",0.622188862031259
"2018_1274_1397",0.519608342593781
"2018_1274_1400",0.773932504993047
"2018_1274_1401",0.300291946620124
"2018_1274_1403",0.597553362324482
"2018_1274_1411",1
"2018_1274_1417",0.976400708908759
"2018_1274_1420",0.997372560587594
"2018_1274_1422",0.999999968872776
"2018_1274_1437",0.0421767920022038
"2018_1274_1438",0.360976938854575
"2018_1274_1439",0.906149657701175
"2018_1274_1452",0.121193531791119
"2018_1274_1455",0.506111609707677
"2018_1274_1460",0.597388662549909
"2018_1274_1462",0.260889986982893
"2018_1276_1277",0.635080869248538
"2018_1276_1281",0.945682662780375
"2018_1276_1285",0.999999988081962
"2018_1276_1293",0.952889653162557
"2018_1276_1300",0.999778636879913
"2018_1276_1301",0.957580391285895
"2018_1276_1305",0.971264199737953
"2018_1276_1308",0.925016458305958
"2018_1276_1314",0.282965616878861
"2018_1276_1326",0.828323417431721
"2018_1276_1328",0.962537559708582
"2018_1276_1335",0.833111170369763
"2018_1276_1344",0.95832084402065
"2018_1276_1345",0.601035434339648
"2018_1276_1347",0.999999997663055
"2018_1276_1348",0.733946087317387
"2018_1276_1355",0.999999998858698
"2018_1276_1361",0.96679307067967
"2018_1276_1371",0.903613533885268
"2018_1276_1372",0.988895143345301
"2018_1276_1382",0.970113025347318
"2018_1276_1393",0.945091610042568
"2018_1276_1395",0.867535238211784
"2018_1276_1397",0.811374145483595
"2018_1276_1400",0.931575180846861
"2018_1276_1401",0.630551201300115
"2018_1276_1403",0.855173921434378
"2018_1276_1411",1
"2018_1276_1417",0.993959121390983
"2018_1276_1420",0.999338014591929
"2018_1276_1422",0.999999992172896
"2018_1276_1437",0.149020662345478
"2018_1276_1438",0.691973907644755
"2018_1276_1439",0.974617701951323
"2018_1276_1452",0.354186815148773
"2018_1276_1455",0.802966286331737
"2018_1276_1460",0.855089084325684
"2018_1276_1462",0.583982152088987
"2018_1277_1281",0.925955474372526
"2018_1277_1285",0.999999983407395
"2018_1277_1293",0.935601686560589
"2018_1277_1300",0.999691839217013
"2018_1277_1301",0.94190883432043
"2018_1277_1305",0.960439153259474
"2018_1277_1308",0.898588511225374
"2018_1277_1314",0.220852991671529
"2018_1277_1326",0.776066181407914
"2018_1277_1328",0.948599080855789
"2018_1277_1335",0.781927616393192
"2018_1277_1344",0.942906530902293
"2018_1277_1345",0.519709089286757
"2018_1277_1347",0.999999996746443
"2018_1277_1348",0.664593544970325
"2018_1277_1355",0.99999999841105
"2018_1277_1361",0.954362849392359
"2018_1277_1371",0.870696589165544
"2018_1277_1372",0.984606575294391
"2018_1277_1382",0.958872683509741
"2018_1277_1393",0.925166747162328
"2018_1277_1395",0.824687641614257
"2018_1277_1397",0.755480660512462
"2018_1277_1400",0.90722701509988
"2018_1277_1401",0.550744229625942
"2018_1277_1403",0.809207240247964
"2018_1277_1411",1
"2018_1277_1417",0.991609610550448
"2018_1277_1420",0.999078605798979
"2018_1277_1422",0.9999999891029
"2018_1277_1437",0.111728369016963
"2018_1277_1438",0.617384088201671
"2018_1277_1439",0.965010441398047
"2018_1277_1452",0.282602283055006
"2018_1277_1455",0.745363279540666
"2018_1277_1460",0.809101487267591
"2018_1277_1462",0.502059537915765
"2018_1281_1285",0.999999431911932
"2018_1281_1293",0.297921019187026
"2018_1281_1300",0.98955633163299
"2018_1281_1301",0.321382640893802
"2018_1281_1305",0.414894193688902
"2018_1281_1308",0.205595675082929
"2018_1281_1314",0.00821110848876192
"2018_1281_1326",0.0919184315122879
"2018_1281_1328",0.350238802032214
"2018_1281_1335",0.0948001503211134
"2018_1281_1344",0.325404888357217
"2018_1281_1345",0.0306366456597831
"2018_1281_1347",0.999999888606552
"2018_1281_1348",0.0547078235175063
"2018_1281_1355",0.999999945598414
"2018_1281_1361",0.379187562910533
"2018_1281_1371",0.164353239104546
"2018_1281_1372",0.651350733870099
"2018_1281_1382",0.405106087665239
"2018_1281_1393",0.265298587407444
"2018_1281_1395",0.120799112509414
"2018_1281_1397",0.0827724656372019
"2018_1281_1400",0.222166971868925
"2018_1281_1401",0.0345681843834232
"2018_1281_1403",0.110224239661898
"2018_1281_1411",1
"2018_1281_1417",0.775376433730928
"2018_1281_1420",0.96939120592322
"2018_1281_1422",0.999999626911302
"2018_1281_1437",0.00366035955466604
"2018_1281_1438",0.0450081084079003
"2018_1281_1439",0.446151981589493
"2018_1281_1452",0.0113748583733795
"2018_1281_1455",0.0787621237557231
"2018_1281_1460",0.110157093565983
"2018_1281_1462",0.0286069442732847
"2018_1285_1293",2.57516094285245e-06
"2018_1285_1300",0.000574682691921368
"2018_1285_1301",2.87399841005598e-06
"2018_1285_1305",4.30319871548949e-06
"2018_1285_1308",1.57058705602506e-06
"2018_1285_1314",5.0242686126618e-08
"2018_1285_1326",6.14282012883782e-07
"2018_1285_1328",3.27114191966454e-06
"2018_1285_1335",6.35557134222648e-07
"2018_1285_1344",2.92731820049394e-06
"2018_1285_1345",1.91798344344517e-07
"2018_1285_1347",0.981975222804023
"2018_1285_1348",3.5121539351916e-07
"2018_1285_1355",0.991115245688757
"2018_1285_1361",3.70665689015015e-06
"2018_1285_1371",1.19356297005943e-06
"2018_1285_1372",1.13373498641314e-05
"2018_1285_1382",4.13254671252139e-06
"2018_1285_1393",2.19135849804455e-06
"2018_1285_1395",8.33807092500663e-07
"2018_1285_1397",5.47644704133365e-07
"2018_1285_1400",1.7333357086801e-06
"2018_1285_1401",2.17292726808504e-07
"2018_1285_1403",7.51772674996964e-07
"2018_1285_1411",0.999999998816934
"2018_1285_1417",2.09478040517395e-05
"2018_1285_1420",0.000192158551280937
"2018_1285_1422",0.942082366484293
"2018_1285_1437",2.2294957562697e-08
"2018_1285_1438",2.8601003673483e-07
"2018_1285_1439",4.88855401588819e-06
"2018_1285_1452",6.98239861201102e-08
"2018_1285_1455",5.18842721306558e-07
"2018_1285_1460",7.51258019615084e-07
"2018_1285_1462",1.78717351244997e-07
"2018_1293_1300",0.991356452632758
"2018_1293_1301",0.364375117642568
"2018_1293_1305",0.461881887222442
"2018_1293_1308",0.238543607870165
"2018_1293_1314",0.00992207035376407
"2018_1293_1326",0.109152006224554
"2018_1293_1328",0.394845462721993
"2018_1293_1335",0.112507072829301
"2018_1293_1344",0.36864314109156
"2018_1293_1345",0.0368468476208903
"2018_1293_1347",0.999999907974267
"2018_1293_1348",0.0654678378444673
"2018_1293_1355",0.999999955057089
"2018_1293_1361",0.425069191592348
"2018_1293_1371",0.192291668651236
"2018_1293_1372",0.693382786508124
"2018_1293_1382",0.451841302050337
"2018_1293_1393",0.304151094302546
"2018_1293_1395",0.142597171106195
"2018_1293_1397",0.0984772416573071
"2018_1293_1400",0.256911712322371
"2018_1293_1401",0.0415411767461969
"2018_1293_1403",0.130397089527512
"2018_1293_1411",1
"2018_1293_1417",0.806889311784403
"2018_1293_1420",0.974577791141786
"2018_1293_1422",0.999999691779338
"2018_1293_1437",0.00442730749210521
"2018_1293_1438",0.0539692874958797
"2018_1293_1439",0.493692743544961
"2018_1293_1452",0.0137359257029323
"2018_1293_1455",0.0937838000694722
"2018_1293_1460",0.130319454454701
"2018_1293_1462",0.0344203247207355
"2018_1300_1301",0.341609996574941
"2018_1300_1305",0.437215171028258
"2018_1300_1308",0.220907828886057
"2018_1300_1314",0.00898899051610009
"2018_1300_1326",0.0998281585497004
"2018_1300_1328",0.371288652994212
"2018_1300_1335",0.102929746060621
"2018_1300_1344",0.345756415947044
"2018_1300_1345",0.0334673285538615
"2018_1300_1347",0.999999898326035
"2018_1300_1348",0.0596257680395309
"2018_1300_1355",0.99999995034515
"2018_1300_1361",0.400903777931387
"2018_1300_1371",0.177279240292975
"2018_1300_1372",0.671787115345047
"2018_1300_1382",0.42728502708961
"2018_1300_1393",0.283470575150587
"2018_1300_1395",0.130835997384431
"2018_1300_1397",0.0899731465781759
"2018_1300_1400",0.238343018522056
"2018_1300_1401",0.0377479775395087
"2018_1300_1403",0.119501911290629
"2018_1300_1411",1
"2018_1300_1417",0.790877010016052
"2018_1300_1420",0.971987119950016
"2018_1300_1422",0.99999965946464
"2018_1300_1437",0.00400886750318808
"2018_1300_1438",0.0490993898396866
"2018_1300_1439",0.468807211033402
"2018_1300_1452",0.0124486972729835
"2018_1300_1455",0.085646506611026
"2018_1300_1460",0.119429872052411
"2018_1300_1462",0.0312561391173215
"2018_1301_1305",0.775175683747256
"2018_1301_1308",0.557212947058562
"2018_1301_1314",0.0386986669909644
"2018_1301_1326",0.329843479034126
"2018_1301_1328",0.723831987218831
"2018_1301_1335",0.337412774947279
"2018_1301_1344",0.701090707134627
"2018_1301_1345",0.133206168997153
"2018_1301_1347",0.999999977091019
"2018_1301_1348",0.219608764026828
"2018_1301_1355",0.999999988811866
"2018_1301_1361",0.748106985432018
"2018_1301_1371",0.488839752650936
"2018_1301_1372",0.900833606776481
"2018_1301_1382",0.768045093384627
"2018_1301_1393",0.637130523369844
"2018_1301_1395",0.400508958050047
"2018_1301_1397",0.304974465944837
"2018_1301_1400",0.581383873382079
"2018_1301_1401",0.14828672970646
"2018_1301_1403",0.375917452853013
"2018_1301_1411",1
"2018_1301_1417",0.943771601332702
"2018_1301_1420",0.993548181133573
"2018_1301_1422",0.999999923271217
"2018_1301_1437",0.0175501423337204
"2018_1301_1438",0.186438421570119
"2018_1301_1439",0.796621181812938
"2018_1301_1452",0.0529817854811458
"2018_1301_1455",0.293644979187283
"2018_1301_1460",0.375756804374286
"2018_1301_1462",0.125259234285907
"2018_1305_1308",0.33573939825496
"2018_1305_1314",0.0159113926501225
"2018_1305_1326",0.165054481499885
"2018_1305_1328",0.512835199179965
"2018_1305_1335",0.169800335755721
"2018_1305_1344",0.485079259860167
"2018_1305_1345",0.0581346263310165
"2018_1305_1347",0.999999942961482
"2018_1305_1348",0.101547646559889
"2018_1305_1355",0.999999972143911
"2018_1305_1361",0.543972044150215
"2018_1305_1371",0.277510080763207
"2018_1305_1372",0.784878101346211
"2018_1305_1382",0.570797987322536
"2018_1305_1393",0.413560312491963
"2018_1305_1395",0.21156082774957
"2018_1305_1397",0.149832124621114
"2018_1305_1400",0.358072270664343
"2018_1305_1401",0.0653570070321489
"2018_1305_1403",0.194801008916913
"2018_1305_1411",1
"2018_1305_1417",0.870824041465396
"2018_1305_1420",0.98408926653371
"2018_1305_1422",0.999999808961573
"2018_1305_1437",0.00712365601606989
"2018_1305_1438",0.0842836764233817
"2018_1305_1439",0.611378675143405
"2018_1305_1452",0.0219763291815799
"2018_1305_1455",0.143079553557266
"2018_1305_1460",0.194693614264377
"2018_1305_1462",0.0543853710843135
"2018_1308_1314",0.0591045202165124
"2018_1308_1326",0.434396657613941
"2018_1308_1328",0.80353050845161
"2018_1308_1335",0.442780009324592
"2018_1308_1344",0.785406390767845
"2018_1308_1345",0.193419083822798
"2018_1308_1347",0.999999985318754
"2018_1308_1348",0.305129409421008
"2018_1308_1355",0.999999992830072
"2018_1308_1361",0.822517778929969
"2018_1308_1371",0.598762068453681
"2018_1308_1372",0.934102120055132
"2018_1308_1382",0.83784270714582
"2018_1308_1393",0.732606908038046
"2018_1308_1395",0.510401802616175
"2018_1308_1397",0.406425421720478
"2018_1308_1400",0.684259169585108
"2018_1308_1401",0.213636352717518
"2018_1308_1403",0.48451621372715
"2018_1308_1411",1
"2018_1308_1417",0.96322328534585
"2018_1308_1420",0.995855741736269
"2018_1308_1422",0.999999950828272
"2018_1308_1437",0.0271189485310277
"2018_1308_1438",0.263401690573621
"2018_1308_1439",0.859394144642387
"2018_1308_1452",0.0802900954780802
"2018_1308_1455",0.393460689884658
"2018_1308_1460",0.484345173717972
"2018_1308_1462",0.182636810485892
"2018_1314_1326",0.93828577936288
"2018_1314_1328",0.987799262856806
"2018_1314_1335",0.94022816841389
"2018_1314_1344",0.986385748639415
"2018_1314_1345",0.82599866237091
"2018_1314_1347",0.99999999925837
"2018_1314_1348",0.896829748167258
"2018_1314_1355",0.999999999637808
"2018_1314_1361",0.989217340182554
"2018_1314_1371",0.967257310765724
"2018_1314_1372",0.996448950212625
"2018_1314_1382",0.990317818771762
"2018_1314_1393",0.981896215053595
"2018_1314_1395",0.953782994020549
"2018_1314_1397",0.931292351353771
"2018_1314_1400",0.977221364947212
"2018_1314_1401",0.843212957672795
"2018_1314_1403",0.948996951533929
"2018_1314_1411",1
"2018_1314_1417",0.998074986625216
"2018_1314_1420",0.999789823713303
"2018_1314_1422",0.999999997516066
"2018_1314_1437",0.355590639327178
"2018_1314_1438",0.876220133451589
"2018_1314_1439",0.991802885411494
"2018_1314_1452",0.633453941263605
"2018_1314_1455",0.927753806317964
"2018_1314_1460",0.94896379466539
"2018_1314_1462",0.815611190907196
"2018_1326_1328",0.888118245627184
"2018_1326_1335",0.6066535956939
"2018_1326_1344",0.876598907814305
"2018_1326_1345",0.317607075937701
"2018_1326_1347",0.999999992435876
"2018_1326_1348",0.460126029009236
"2018_1326_1355",0.999999996305884
"2018_1326_1361",0.899948637022878
"2018_1326_1371",0.7433519746361
"2018_1326_1372",0.964927440015653
"2018_1326_1382",0.909324756317993
"2018_1326_1393",0.841714937200186
"2018_1326_1395",0.669243953814403
"2018_1326_1397",0.570622634506176
"2018_1326_1400",0.807922837919612
"2018_1326_1401",0.345248866106777
"2018_1326_1403",0.645930661101016
"2018_1326_1411",1
"2018_1326_1417",0.980707819339937
"2018_1326_1420",0.997860482076478
"2018_1326_1422",0.999999974665566
"2018_1326_1437",0.0513256586824833
"2018_1326_1438",0.409699406743299
"2018_1326_1439",0.922257428248796
"2018_1326_1452",0.144889702973126
"2018_1326_1455",0.557338146757841
"2018_1326_1460",0.645774023286295
"2018_1326_1462",0.302498225340543
"2018_1328_1335",0.149008554265082
"2018_1328_1344",0.446442240813364
"2018_1328_1345",0.050189518306075
"2018_1328_1347",0.999999933374848
"2018_1328_1348",0.0882251556723927
"2018_1328_1355",0.999999967462055
"2018_1328_1361",0.505246897568324
"2018_1328_1371",0.247460672233365
"2018_1328_1372",0.757490149246754
"2018_1328_1382",0.532392636397538
"2018_1328_1393",0.376455133941737
"2018_1328_1395",0.186806148291974
"2018_1328_1397",0.131099309659588
"2018_1328_1400",0.323201796690896
"2018_1328_1401",0.0564840296475656
"2018_1328_1403",0.171580624083069
"2018_1328_1411",1
"2018_1328_1417",0.852319344135888
"2018_1328_1420",0.981464668382521
"2018_1328_1422",0.999999776853179
"2018_1328_1437",0.00610489702599555
"2018_1328_1438",0.0730419892400372
"2018_1328_1439",0.573893796744248
"2018_1328_1452",0.0188738565209943
"2018_1328_1455",0.125066786076871
"2018_1328_1460",0.171483304594021
"2018_1328_1462",0.0469271343469289
"2018_1335_1344",0.683700862544985
"2018_1335_1345",0.124056105441676
"2018_1335_1347",0.999999975141641
"2018_1335_1348",0.205933682475399
"2018_1335_1355",0.999999987859842
"2018_1335_1361",0.732408432713271
"2018_1335_1371",0.468463559829625
"2018_1335_1372",0.893295714543171
"2018_1335_1382",0.753179165636957
"2018_1335_1393",0.618046849283719
"2018_1335_1395",0.381069802766784
"2018_1335_1397",0.287945021130721
"2018_1335_1400",0.561386716979104
"2018_1335_1401",0.138266008156422
"2018_1335_1403",0.356961170440367
"2018_1335_1411",1
"2018_1335_1417",0.939277531619885
"2018_1335_1420",0.993003022502372
"2018_1335_1422",0.99999991674219
"2018_1335_1437",0.0161961611205605
"2018_1335_1438",0.17436735185878
"2018_1335_1439",0.783069408349333
"2018_1335_1452",0.0490306986875753
"2018_1335_1455",0.276996033284953
"2018_1335_1460",0.356803991400952
"2018_1335_1462",0.116581633647575
"2018_1344_1345",0.123027174954395
"2018_1344_1347",0.999999974904296
"2018_1344_1348",0.20438410750917
"2018_1344_1355",0.999999987743929
"2018_1344_1361",0.730541940119168
"2018_1344_1371",0.466098081069937
"2018_1344_1372",0.892386547736984
"2018_1344_1382",0.751408377747868
"2018_1344_1393",0.615801110400162
"2018_1344_1395",0.378831102279239
"2018_1344_1397",0.286000605186434
"2018_1344_1400",0.559045521662463
"2018_1344_1401",0.137137671518989
"2018_1344_1403",0.354782916080775
"2018_1344_1411",1
"2018_1344_1417",0.938733279253402
"2018_1344_1420",0.992936687808518
"2018_1344_1422",0.999999915947252
"2018_1344_1437",0.0160454418140553
"2018_1344_1438",0.173003552214291
"2018_1344_1439",0.781450839577441
"2018_1344_1452",0.0485895167015904
"2018_1344_1455",0.275096988482838
"2018_1344_1460",0.354626167232289
"2018_1344_1462",0.115606515075536
"2018_1345_1347",0.999999996924471
"2018_1345_1348",0.677018683692078
"2018_1345_1355",0.999999998497994
"2018_1345_1361",0.956752019565074
"2018_1345_1371",0.876900844242882
"2018_1345_1372",0.985436604009813
"2018_1345_1382",0.961035396718017
"2018_1345_1393",0.928970618134204
"2018_1345_1395",0.832675261132988
"2018_1345_1397",0.765725747254625
"2018_1345_1400",0.911855905741917
"2018_1345_1401",0.564623996483932
"2018_1345_1403",0.817744305362546
"2018_1345_1411",1
"2018_1345_1417",0.992065071822292
"2018_1345_1420",0.999128978612141
"2018_1345_1422",0.999999989699166
"2018_1345_1437",0.117436280854898
"2018_1345_1438",0.630585990689696
"2018_1345_1439",0.966861550128285
"2018_1345_1452",0.294148945271163
"2018_1345_1455",0.755895303902009
"2018_1345_1460",0.817642217963376
"2018_1345_1462",0.516121920128909
"2018_1347_1348",0.14482178072288
"2018_1347_1355",0.99999998140836
"2018_1347_1361",0.641224619004576
"2018_1347_1371",0.36528304344627
"2018_1347_1372",0.845360053083516
"2018_1347_1382",0.665843946774443
"2018_1347_1393",0.5137647947102
"2018_1347_1395",0.28675370057819
"2018_1347_1397",0.208898337749763
"2018_1347_1400",0.455269574212329
"2018_1347_1401",0.0948365705049762
"2018_1347_1403",0.266047136503393
"2018_1347_1411",1
"2018_1347_1417",0.909915531475597
"2018_1347_1420",0.989324407465315
"2018_1347_1422",0.999999872497611
"2018_1347_1437",0.0106357090458959
"2018_1347_1438",0.121193227213863
"2018_1347_1439",0.70212775309383
"2018_1347_1452",0.0325707268238935
"2018_1347_1455",0.200110363527034
"2018_1347_1460",0.265913435035831
"2018_1347_1462",0.0793362043825358
"2018_1348_1355",0.999999994585225
"2018_1348_1361",0.859876427011835
"2018_1348_1371",0.663978370378794
"2018_1348_1372",0.949417541349838
"2018_1348_1382",0.872475704620892
"2018_1348_1393",0.78391924103498
"2018_1348_1395",0.579903569557492
"2018_1348_1397",0.475520067667613
"2018_1348_1400",0.741576643698813
"2018_1348_1401",0.264564118596999
"2018_1348_1403",0.554485133680944
"2018_1348_1411",1
"2018_1348_1417",0.971973680973918
"2018_1348_1420",0.996867051750554
"2018_1348_1422",0.999999962865201
"2018_1348_1437",0.03559641958928
"2018_1348_1438",0.321344873360154
"2018_1348_1439",0.890028414388322
"2018_1348_1452",0.103618734359912
"2018_1348_1455",0.462067018101874
"2018_1348_1460",0.55431595434939
"2018_1348_1462",0.228320376956041
"2018_1355_1361",1.29212577893542e-07
"2018_1355_1371",4.16070272332472e-08
"2018_1355_1372",3.95218396170587e-07
"2018_1355_1382",1.44058986116668e-07
"2018_1355_1393",7.63897697869037e-08
"2018_1355_1395",2.90661014369565e-08
"2018_1355_1397",1.90906173244594e-08
"2018_1355_1400",6.04232750301689e-08
"2018_1355_1401",7.57471210987393e-09
"2018_1355_1403",2.62064202803967e-08
"2018_1355_1411",0.999999966061842
"2018_1355_1417",7.30244229240181e-07
"2018_1355_1420",6.6997888841551e-06
"2018_1355_1422",0.361846338398482
"2018_1355_1437",7.77190547219152e-10
"2018_1355_1438",9.9701626663033e-09
"2018_1355_1439",1.70413233763804e-07
"2018_1355_1452",2.43402770867587e-09
"2018_1355_1455",1.80865942717588e-08
"2018_1355_1460",2.61884796376373e-08
"2018_1355_1462",6.22999423033378e-09
"2018_1361_1371",0.388048293669733
"2018_1361_1372",0.857618125780106
"2018_1361_1382",0.687064333102522
"2018_1361_1393",0.537940968571944
"2018_1361_1395",0.306991955984613
"2018_1361_1397",0.225378084355925
"2018_1361_1400",0.479407093774425
"2018_1361_1401",0.103495300091716
"2018_1361_1403",0.28540877179797
"2018_1361_1411",1
"2018_1361_1417",0.917555451101769
"2018_1361_1420",0.990301568195791
"2018_1361_1422",0.999999884282482
"2018_1361_1437",0.0117061883851028
"2018_1361_1438",0.131907680838976
"2018_1361_1439",0.722005967842931
"2018_1361_1452",0.035769137625891
"2018_1361_1455",0.216086201794629
"2018_1361_1460",0.285269122045475
"2018_1361_1462",0.0867153038551312
"2018_1371_1372",0.944614148501749
"2018_1371_1382",0.861432178845672
"2018_1371_1393",0.767252595888664
"2018_1371_1395",0.556405398956328
"2018_1371_1397",0.451703662316882
"2018_1371_1400",0.722798918358822
"2018_1371_1401",0.246350665935019
"2018_1371_1403",0.530715750964015
"2018_1371_1411",1
"2018_1371_1417",0.969242865218645
"2018_1371_1420",0.996553183470331
"2018_1371_1422",0.999999959132057
"2018_1371_1437",0.0324503262234242
"2018_1371_1438",0.300821367881809
"2018_1371_1439",0.880296391220825
"2018_1371_1452",0.0950532221177151
"2018_1371_1455",0.43836124878508
"2018_1371_1460",0.530545187470328
"2018_1371_1462",0.211883198212712
"2018_1372_1382",2.68370047279547e-08
"2018_1372_1393",1.4230785286718e-08
"2018_1372_1395",5.4147752231388e-09
"2018_1372_1397",3.55642469179698e-09
"2018_1372_1400",1.12563586002118e-08
"2018_1372_1401",1.41110643360791e-09
"2018_1372_1403",4.8820401731668e-09
"2018_1372_1411",0.999999817822575
"2018_1372_1417",1.3603856106908e-07
"2018_1372_1420",1.24812224463496e-06
"2018_1372_1422",0.0955393399244503
"2018_1372_1437",1.447841923701e-10
"2018_1372_1438",1.85735913205912e-09
"2018_1372_1439",3.17465850731485e-08
"2018_1372_1452",4.53439298434e-10
"2018_1372_1455",3.36938346794011e-09
"2018_1372_1460",4.87869797914376e-09
"2018_1372_1462",1.16059657485465e-09
"2018_1382_1393",0.304808069924555
"2018_1382_1395",0.14297688684115
"2018_1382_1397",0.0987530039337162
"2018_1382_1400",0.257504409600036
"2018_1382_1401",0.0416648715203125
"2018_1382_1403",0.130749272302197
"2018_1382_1411",1
"2018_1382_1417",0.807372245997521
"2018_1382_1420",0.974654539984851
"2018_1382_1422",0.999999692734044
"2018_1382_1437",0.00444100248582491
"2018_1382_1438",0.0541278988419296
"2018_1382_1439",0.494468205273216
"2018_1382_1452",0.0137780165592373
"2018_1382_1455",0.0940477905486481
"2018_1382_1460",0.130671459056516
"2018_1382_1462",0.0345235798856745
"2018_1393_1395",0.510969548157043
"2018_1393_1397",0.406973648799847
"2018_1393_1400",0.684749830631808
"2018_1393_1401",0.214018291027351
"2018_1393_1403",0.485083693763075
"2018_1393_1411",1
"2018_1393_1417",0.963303685161556
"2018_1393_1420",0.995865107996725
"2018_1393_1422",0.999999950939864
"2018_1393_1437",0.0271789568456382
"2018_1393_1438",0.26384274763625
"2018_1393_1439",0.859668462009076
"2018_1393_1452",0.0804580296813018
"2018_1393_1455",0.394003037112011
"2018_1393_1460",0.484912641872399
"2018_1393_1462",0.182976223614976
"2018_1395_1397",0.293909253755296
"2018_1395_1400",0.568492870550933
"2018_1395_1401",0.141747097629996
"2018_1395_1403",0.363624919321438
"2018_1395_1411",1
"2018_1395_1417",0.940905790085822
"2018_1395_1420",0.993201072774546
"2018_1395_1422",0.999999919114944
"2018_1395_1437",0.0166633567724712
"2018_1395_1438",0.178569010209836
"2018_1395_1439",0.787940677302963
"2018_1395_1452",0.0503965230614366
"2018_1395_1455",0.282823556956904
"2018_1395_1460",0.363466464580191
"2018_1395_1462",0.119592547484673
"2018_1397_1400",0.426755735635808
"2018_1397_1401",0.08535951106509
"2018_1397_1403",0.244074356445038
"2018_1397_1411",1
"2018_1397_1417",0.899971253749357
"2018_1397_1420",0.988030637432659
"2018_1397_1422",0.999999856858468
"2018_1397_1437",0.0094847099742798
"2018_1397_1438",0.109400668246533
"2018_1397_1439",0.677378827725037
"2018_1397_1452",0.0291157730826396
"2018_1397_1455",0.182231188941226
"2018_1397_1460",0.243948027137782
"2018_1397_1462",0.0712861150653855
"2018_1400_1401",0.101509623482498
"2018_1400_1403",0.281026953261964
"2018_1400_1411",1
"2018_1400_1417",0.915907810668553
"2018_1400_1420",0.990092048033772
"2018_1400_1422",0.999999881757561
"2018_1400_1437",0.011459081627883
"2018_1400_1438",0.129455596097869
"2018_1400_1439",0.71765286798324
"2018_1400_1452",0.0350320895734054
"2018_1400_1455",0.212452256465887
"2018_1400_1460",0.28088860476091
"2018_1400_1462",0.0850210389299317
"2018_1401_1403",0.536436623500465
"2018_1401_1411",1
"2018_1401_1417",0.969920803290164
"2018_1401_1420",0.996631249221103
"2018_1401_1422",0.99999996006079
"2018_1401_1437",0.0331798776733481
"2018_1401_1438",0.305678284049022
"2018_1401_1439",0.882697584145629
"2018_1401_1452",0.0970490458447683
"2018_1401_1455",0.444028543891908
"2018_1401_1460",0.536266322433806
"2018_1401_1462",0.215747257158018
"2018_1403_1411",1
"2018_1403_1417",0.931324030248138
"2018_1403_1420",0.992026815265381
"2018_1403_1422",0.999999905032833
"2018_1403_1437",0.0142276024279703
"2018_1403_1438",0.156226798707457
"2018_1403_1439",0.759885995175097
"2018_1403_1452",0.04324670681996
"2018_1403_1455",0.251429863236089
"2018_1403_1460",0.327205344144378
"2018_1403_1462",0.103697826595668
"2018_1411_1417",5.97760602610327e-08
"2018_1411_1420",5.48431830170986e-07
"2018_1411_1422",0.044356150565405
"2018_1411_1437",6.36189318719708e-11
"2018_1411_1438",8.1613332409699e-10
"2018_1411_1439",1.39496158775784e-08
"2018_1411_1452",1.99243600893275e-10
"2018_1411_1455",1.48052473254259e-09
"2018_1411_1460",2.14372543095715e-09
"2018_1411_1462",5.09972209392791e-10
"2018_1417_1420",0.98197623614301
"2018_1417_1422",0.999999783124982
"2018_1417_1437",0.00628033565918804
"2018_1417_1438",0.0749958754595047
"2018_1417_1439",0.58085018506817
"2018_1417_1452",0.0194090755267781
"2018_1417_1455",0.128219844202905
"2018_1417_1460",0.175571745451722
"2018_1417_1462",0.048218782338202
"2018_1420_1422",0.999999518288462
"2018_1420_1437",0.00283731369540051
"2018_1420_1438",0.0352164804294764
"2018_1420_1439",0.384199750024251
"2018_1420_1452",0.00883255546397539
"2018_1420_1455",0.0621047698604528
"2018_1420_1460",0.0874906138167105
"2018_1420_1462",0.0223001116847156
"2018_1422_1437",2.63580030405232e-09
"2018_1422_1438",3.3813274368203e-08
"2018_1422_1439",5.77947162063351e-07
"2018_1422_1452",8.25487516818594e-09
"2018_1422_1455",6.13397176250886e-08
"2018_1422_1460",8.88168270233865e-08
"2018_1422_1462",2.11286929969411e-08
"2018_1437_1438",0.925586148034798
"2018_1437_1439",0.995318362185374
"2018_1437_1452",0.752266219940179
"2018_1437_1455",0.957562526022398
"2018_1437_1460",0.970301428461998
"2018_1437_1462",0.8860045556922
"2018_1438_1439",0.951133231977961
"2018_1438_1452",0.217529373920517
"2018_1438_1455",0.673817258617124
"2018_1438_1460",0.74944411487371
"2018_1438_1462",0.4157379516489
"2018_1439_1452",0.0292386861352501
"2018_1439_1455",0.182878728705172
"2018_1439_1460",0.244749235920477
"2018_1439_1462",0.0715739274602017
"2018_1452_1455",0.811762467752945
"2018_1452_1460",0.861958377679578
"2018_1452_1462",0.597655908791047
"2018_1455_1460",0.265292078328705
"2018_1455_1462",0.0791038407971725
"2018_1460_1462",0.0313177157196967
